id,name,email,password,created_at,updated_at
1,John Doe,john.doe11112@example.com,hadyawayda,lkasdasdas,2023-05-01 10:00:00,2023-05-01 10:00:00
2,Jane Smith,jane.smith12@example.com,hadyawayda,2023-05-02 11:15:00,2023-05-02 11:15:00
3,Bob Johnson,bob.johnson12@example.com,hadyawayda,2023-05-03 09:30:00,2023-05-03 09:30:00
4,Alice Brown,alice.brown12@example.com,hadyawayda,2023-05-04 14:45:00,2023-05-04 14:45:00
5,Charlie Davis,charlie.davis12@example.com,hadyawayda,2023-05-05 16:20:00,2023-05-05 16:20:00
6,Eva Wilson,eva.wilson12@example.com,hadyawayda,2023-05-06 08:55:00,2023-05-06 08:55:00
7,Frank Miller,frank.miller12@example.com,hadyawayda,2023-05-07 13:10:00,2023-05-07 13:10:00
8,Grace Lee,grace.lee12@example.com,hadyawayda,2023-05-08 11:40:00,2023-05-08 11:40:00
9,Henry Clark,henry.clark12@example.com,hadyawayda,2023-05-09 15:25:00,2023-05-09 15:25:00
10,Ivy Martinez,ivy.martinez12@example.com,hadyawayda,2023-05-10 10:50:00,2023-05-10 10:50:00
11,Jack Thompson,jack.thompson12@example.com,hadyawayda,2023-05-11 12:35:00,2023-05-11 12:35:00
12,Kelly White,kelly.white12@example.com,hadyawayda,2023-05-12 09:15:00,2023-05-12 09:15:00
13,Liam Harris,liam.harris12@example.com,hadyawayda,2023-05-13 14:00:00,2023-05-13 14:00:00
14,Mia Robinson,mia.robinson12@example.com,hadyawayda,2023-05-14 16:45:00,2023-05-14 16:45:00
15,Noah King,noah.king12@example.com,hadyawayda,2023-05-15 11:20:00,2023-05-15 11:20:00
16,Olivia Scott,olivia.scott12@example.com,hadyawayda,2023-05-16 13:55:00,2023-05-16 13:55:00
17,Peter Young,peter.young12@example.com,hadyawayda,2023-05-17 10:30:00,2023-05-17 10:30:00
18,Quinn Adams,quinn.adams12@example.com,hadyawayda,2023-05-18 15:05:00,2023-05-18 15:05:00
19,Rachel Hall,rachel.hall12@example.com,hadyawayda,2023-05-19 09:40:00,2023-05-19 09:40:00
20,Samuel Turner,samuel.turner12@example.com,hadyawayda,2023-05-20 12:25:00,2023-05-20 12:25:00